Time,Location,Entity,Sentence_snip
,NULL,inspection report,"the car involved in the
incident and gave A11 (exh.84). this witness stated that the tyres of the
vehicle were found in good condition and only stated that the left side front tyre was
deflated. pw-1 "
,NULL,an accident,"53 cr apeal-572-2015-judgment.doc
44. now having the broad analysis the substantive evidence before the sessions court vis-a-
vis the arguments on behalf of the appellant and the state, a detailed ana"
,NULL,ran away from the spot,"according to him, many people were telling that accused got down from the car. also, according
to this witness, accused, then E15 after seeing the crowd. one police guard was
also present in the car."
,NULL,ran away from the spot,"in any event, this substantive evidence of
pw 4 may not be of much significance so far as the case of the prosecution is concerned as to driving
and that also under the influence of alcohol by the app"
28.9.2002,NULL,an accident,"he further stated that he did not
see the case papers. now, a very different story is given by this witness during cross-examination
which is appearing in paragraph 12 of his notes of evidence to the "
on 1.10.2002,NULL,analysed the blood phials.,"thereafter, he kept the
blood phials in the refrigerator. further the evidence of this witness shows that T24 he
A10 he used the ""modified diffusion oxidation method"" for analyzing the
blood."
